{"201601986-2": 4.680000008461441, "201610196-3": 0.23999999755392007, "201610196-5": 0.4799999982278401, "201439600-1": 1.5600000028204803, "201605479-1": 0.4799999982278401, "201436453-3": 0.23999999755392007, "201437427-4": 1.5600000028204803, "201609207-4": 0.23999999755392007, "201604335-1": 0.23999999755392007, "201613577-2": 0.7199999989017601, "201437429-3": 1.5600000028204803, "201605479-4": 0.23999999755392007, "201436170-3": 1.5600000028204803, "201434822-1": 0.7199999989017601, "201600623-1": 0.4799999982278401}