{"201601684-3": 0.9778376290913078, "201602454-1": 0.6900242402645361, "201434822-2": 2.408994318561636, "201603916-3": 0.6934983644344105, "201613577-4": 0.9498457888044716, "201612916-2": 0.6934983644344105, "201439629-1": 0.6934983644344105, "201612916-3": 0.43715094006434935, "201434539-4": 2.408994318561636, "201439600-2": 0.43715094006434935, "201439629-3": 0.6934983644344105, "201440763-5": 0.6934983644344105, "201612290-1": 0.6934983644344105, "201437427-2": 0.9778376290913078, "201438360-1": 0.43715094006434935, "201613035-3": 1.5185243181182662, "201608537-2": 0.43715094006434935, "201601986-3": 2.408994318561636, "201600666-1": 0.43715094006434935, "201609810-2": 0.43715094006434935, "201439203-3": 0.9778376290913078, "201609810-3": 0.43715094006434935, "201438360-4": 0.6934983644344105, "201436749-3": 0.9498457888044716, "201612916-5": 0.6934983644344105, "201603916-2": 0.8831984411005954, "201603916-1": 0.6934983644344105, "201434539-2": 0.6934983644344105, "201436453-1": 1.1031460067340213, "201530023-3": 0.6934983644344105, "201603238-4": 1.1031460067340213, "201603238-1": 1.5512463414980233, "201434539-3": 0.6934983644344105, "201437429-2": 0.8831984411005954, "201608537-4": 0.8831984411005954, "201602454-2": 1.1269172226394522, "201601986-4": 2.408994318561636, "201609207-2": 0.43715094006434935, "201605479-3": 0.43715094006434935, "201435884-2": 2.408994318561636, "201602683-2": 0.9498457888044716, "201601684-1": 2.408994318561636, "201608537-1": 0.6934983644344105, "201435884-1": 0.6934983644344105, "201600623-2": 0.9498457888044716, "201440763-3": 0.6934983644344105, "201609207-5": 0.43715094006434935, "201440427-1": 0.9498457888044716, "201439203-2": 0.6934983644344105, "201600623-3": 1.5512463414980233, "201438360-2": 0.43715094006434935, "201436170-4": 0.9498457888044716, "201612916-1": 0.43715094006434935, "201600666-3": 0.6934983644344105, "201435885-4": 1.5512463414980233, "201605479-2": 0.43715094006434935, "201437378-3": 0.6934983644344105, "201436749-1": 0.9498457888044716, "201613035-1": 0.6934983644344105, "201600666-4": 0.43715094006434935, "201437427-3": 0.9778376290913078, "201613035-4": 0.9778376290913078, "201440763-1": 0.9498457888044716, "201601684-4": 1.5185243181182662, "201602683-4": 3.299464319005007, "201440427-3": 0.6934983644344105, "201604335-2": 0.6934983644344105, "201437429-1": 0.6934983644344105, "201603238-2": 2.408994318561636, "201613577-1": 0.9498457888044716, "201609810-1": 0.6934983644344105, "201436170-2": 2.408994318561636, "201438360-3": 0.43715094006434935, "201439203-1": 0.6934983644344105, "201613035-2": 1.5185243181182662, "201439600-3": 0.6934983644344105, "201602683-3": 2.408994318561636, "201600666-5": 0.6934983644344105, "201439629-2": 0.5567295448567835, "201434822-4": 1.5185243181182662, "201437378-1": 0.43715094006434935, "201613577-3": 0.9498457888044716, "201612290-2": 0.43715094006434935, "201604335-3": 1.5185243181182662, "201604045-2": 0.6934983644344105}