{"201601684-3": 0.630356122643306, "201602454-1": 0.6123113804653456, "201434822-2": 1.5529411764705883, "201603916-3": 0.4470588235294118, "201613577-4": 0.6123113804653456, "201612916-2": 0.4470588235294118, "201439629-1": 0.4470588235294118, "201612916-3": 0.28180626659347796, "201434539-4": 1.5529411764705883, "201439600-2": 0.28180626659347796, "201439629-3": 0.4470588235294118, "201440763-5": 0.4470588235294118, "201612290-1": 0.4470588235294118, "201437427-2": 0.630356122643306, "201438360-1": 0.28180626659347796, "201613035-3": 0.978905978693134, "201608537-2": 0.28180626659347796, "201601986-3": 1.5529411764705883, "201600666-1": 0.28180626659347796, "201609810-2": 0.28180626659347796, "201439203-3": 0.630356122643306, "201609810-3": 0.28180626659347796, "201438360-4": 0.4470588235294118, "201436749-3": 0.6123113804653456, "201612916-5": 0.4470588235294118, "201603916-2": 0.4470588235294118, "201603916-1": 0.4470588235294118, "201434539-2": 0.4470588235294118, "201436453-1": 0.978905978693134, "201530023-3": 0.4470588235294118, "201603238-4": 0.978905978693134, "201603238-1": 1.0, "201434539-3": 0.4470588235294118, "201437429-2": 0.4470588235294118, "201608537-4": 0.4470588235294118, "201602454-2": 1.0, "201601986-4": 1.5529411764705883, "201609207-2": 0.28180626659347796, "201605479-3": 0.28180626659347796, "201435884-2": 1.5529411764705883, "201602683-2": 0.6123113804653456, "201601684-1": 1.5529411764705883, "201608537-1": 0.4470588235294118, "201435884-1": 0.4470588235294118, "201600623-2": 0.6123113804653456, "201440763-3": 0.4470588235294118, "201609207-5": 0.28180626659347796, "201440427-1": 0.6123113804653456, "201439203-2": 0.4470588235294118, "201600623-3": 1.0, "201438360-2": 0.28180626659347796, "201436170-4": 0.6123113804653456, "201612916-1": 0.28180626659347796, "201600666-3": 0.4470588235294118, "201435885-4": 1.0, "201605479-2": 0.28180626659347796, "201437378-3": 0.4470588235294118, "201436749-1": 0.6123113804653456, "201613035-1": 0.4470588235294118, "201600666-4": 0.28180626659347796, "201437427-3": 0.630356122643306, "201613035-4": 0.630356122643306, "201440763-1": 0.6123113804653456, "201601684-4": 0.978905978693134, "201602683-4": 2.1269763742480428, "201440427-3": 0.4470588235294118, "201604335-2": 0.4470588235294118, "201437429-1": 0.4470588235294118, "201603238-2": 1.5529411764705883, "201613577-1": 0.6123113804653456, "201609810-1": 0.4470588235294118, "201436170-2": 1.5529411764705883, "201438360-3": 0.28180626659347796, "201439203-1": 0.4470588235294118, "201613035-2": 0.978905978693134, "201439600-3": 0.4470588235294118, "201602683-3": 1.5529411764705883, "201600666-5": 0.4470588235294118, "201439629-2": 0.28180626659347796, "201434822-4": 0.978905978693134, "201437378-1": 0.28180626659347796, "201613577-3": 0.6123113804653456, "201612290-2": 0.28180626659347796, "201604335-3": 0.978905978693134, "201604045-2": 0.4470588235294118}