{"201601684-3": 0.7083333333333333, "201602454-1": 1.7000000000000002, "201434822-2": 1.7000000000000002, "201603916-3": 0.7083333333333333, "201613577-4": 1.7000000000000002, "201612916-2": 0.7083333333333333, "201439629-1": 0.7083333333333333, "201612916-3": 0.7083333333333333, "201434539-4": 0.7083333333333333, "201439600-2": 0.7083333333333333, "201439629-3": 0.7083333333333333, "201440763-5": 1.7000000000000002, "201612290-1": 0.7083333333333333, "201437427-2": 0.7083333333333333, "201438360-1": 0.7083333333333333, "201613035-3": 0.7083333333333333, "201608537-2": 0.7083333333333333, "201601986-3": 1.7000000000000002, "201600666-1": 0.7083333333333333, "201609810-2": 0.7083333333333333, "201439203-3": 0.7083333333333333, "201609810-3": 0.7083333333333333, "201438360-4": 0.7083333333333333, "201436749-3": 1.7000000000000002, "201612916-5": 0.7083333333333333, "201603916-2": 0.7083333333333333, "201603916-1": 0.7083333333333333, "201434539-2": 0.7083333333333333, "201436453-1": 0.7083333333333333, "201530023-3": 1.7000000000000002, "201603238-4": 0.7083333333333333, "201603238-1": 1.7000000000000002, "201434539-3": 0.7083333333333333, "201437429-2": 0.7083333333333333, "201608537-4": 0.7083333333333333, "201602454-2": 1.7000000000000002, "201601986-4": 1.7000000000000002, "201609207-2": 0.7083333333333333, "201605479-3": 0.7083333333333333, "201435884-2": 0.7083333333333333, "201602683-2": 1.7000000000000002, "201601684-1": 0.7083333333333333, "201608537-1": 0.7083333333333333, "201435884-1": 1.7000000000000002, "201600623-2": 1.7000000000000002, "201440763-3": 1.7000000000000002, "201609207-5": 0.7083333333333333, "201440427-1": 1.7000000000000002, "201439203-2": 0.7083333333333333, "201600623-3": 1.7000000000000002, "201438360-2": 0.7083333333333333, "201436170-4": 1.7000000000000002, "201612916-1": 0.7083333333333333, "201600666-3": 0.7083333333333333, "201435885-4": 0.7083333333333333, "201605479-2": 0.7083333333333333, "201437378-3": 0.7083333333333333, "201436749-1": 1.7000000000000002, "201613035-1": 0.7083333333333333, "201600666-4": 0.7083333333333333, "201437427-3": 0.7083333333333333, "201613035-4": 0.7083333333333333, "201440763-1": 1.7000000000000002, "201601684-4": 0.7083333333333333, "201602683-4": 1.7000000000000002, "201440427-3": 0.7083333333333333, "201604335-2": 0.7083333333333333, "201437429-1": 0.7083333333333333, "201603238-2": 1.7000000000000002, "201613577-1": 1.7000000000000002, "201609810-1": 0.7083333333333333, "201436170-2": 0.7083333333333333, "201438360-3": 0.7083333333333333, "201439203-1": 0.7083333333333333, "201613035-2": 0.7083333333333333, "201439600-3": 0.7083333333333333, "201602683-3": 1.7000000000000002, "201600666-5": 0.7083333333333333, "201439629-2": 0.7083333333333333, "201434822-4": 0.7083333333333333, "201437378-1": 0.7083333333333333, "201613577-3": 1.7000000000000002, "201612290-2": 0.7083333333333333, "201604335-3": 0.7083333333333333, "201604045-2": 1.7000000000000002}