{"201601564-3": 0.9497806060494086, "201601684-3": 1.6241637919500498, "201602454-1": 0.6537970834129174, "201434822-2": 3.0385063515624062, "201603916-3": 0.6537970834129174, "201613577-4": 0.8807264787137409, "201434013-5": 0.8368220532171249, "201612916-2": 0.42686768811209375, "201439629-1": 0.42686768811209375, "201612916-3": 0.42686768811209375, "201434539-4": 2.2555999377745652, "201439600-2": 0.6537970834129174, "201439629-3": 1.4546985105937413, "201440763-5": 0.6537970834129174, "201612290-1": 0.42686768811209375, "201437427-2": 0.6537970834129174, "201438360-1": 0.6537970834129174, "201613035-3": 2.2555999377745652, "201608537-2": 0.42686768811209375, "201601986-3": 1.6241637919500498, "201600666-1": 0.6537970834129174, "201609810-2": 0.42686768811209375, "201439203-3": 0.42686768811209375, "201609810-3": 0.42686768811209375, "201438360-4": 0.42686768811209375, "201436749-3": 0.8807264787137409, "201434013-3": 0.42686768811209375, "201612916-5": 0.42686768811209375, "201603916-2": 0.5463656909469657, "201603916-1": 0.6537970834129174, "201434539-2": 0.42686768811209375, "201436453-1": 2.2555999377745652, "201530023-3": 0.8368220532171249, "201603238-4": 1.4546985105937413, "201603238-1": 3.0385063515624062, "201434539-3": 0.42686768811209375, "201437429-2": 0.6537970834129174, "201608537-4": 0.5463656909469657, "201434013-2": 0.6537970834129174, "201602454-2": 0.8807264787137409, "201601986-4": 1.6241637919500498, "201609207-2": 1.8619290684081031, "201605479-3": 0.42686768811209375, "201435884-2": 2.2555999377745652, "201602683-2": 0.6341745419401981, "201601684-1": 1.4726935239867238, "201608537-1": 0.42686768811209375, "201435884-1": 0.6537970834129174, "201600623-2": 0.6537970834129174, "201440763-3": 0.6537970834129174, "201609207-5": 0.6537970834129174, "201440427-1": 1.9596164151380735, "201439203-2": 0.42686768811209375, "201600623-3": 1.4546985105937413, "201438360-2": 0.42686768811209375, "201436170-4": 0.6537970834129174, "201612916-1": 0.6537970834129174, "201600666-3": 0.6537970834129174, "201435885-4": 0.6537970834129174, "201605479-2": 0.6537970834129174, "201437378-3": 0.42686768811209375, "201436749-1": 1.8619290684081031, "201613035-1": 0.47077211360871, "201600666-4": 1.4546985105937413, "201437427-3": 0.5463656909469657, "201613035-4": 0.6537970834129174, "201440763-1": 0.6537970834129174, "201601684-4": 2.2555999377745652, "201602683-4": 3.0385063515624062, "201440427-3": 0.47077211360871, "201604335-2": 0.5463656909469657, "201437429-1": 0.6537970834129174, "201603238-2": 3.0385063515624062, "201613577-1": 0.6537970834129174, "201609810-1": 0.42686768811209375, "201436170-2": 1.4726935239867238, "201438360-3": 0.42686768811209375, "201439203-1": 0.42686768811209375, "201613035-2": 1.0604254142064156, "201439600-3": 0.6537970834129174, "201602683-3": 3.0385063515624062, "201600666-5": 0.6537970834129174, "201439629-2": 0.6537970834129174, "201434822-4": 1.4726935239867238, "201437378-1": 0.6537970834129174, "201613577-3": 1.9596164151380735, "201612290-2": 0.3073696852772219, "201604335-3": 1.8849616337670323, "201604045-2": 0.8807264787137409}