{"201601986-2": 4.132450337310821, "201610196-3": 0.21192052757545726, "201434013-4": 2.7549668915405467, "201610196-5": 0.4238410579058814, "201439600-1": 1.3774834457702734, "201605479-1": 0.4238410579058814, "201436453-3": 0.21192052757545726, "201437427-4": 1.3774834457702734, "201609207-4": 0.21192052757545726, "201604335-1": 0.21192052757545726, "201613577-2": 0.6357615882363055, "201437429-3": 1.3774834457702734, "201605479-4": 0.21192052757545726, "201436170-3": 1.3774834457702734, "201434822-1": 0.6357615882363055, "201600623-1": 0.4238410579058814}